{"LogisticRegression_tokenized": {"f1": 0.685833995521202, "accuracy": 0.6869496364901504, "precision": 0.6904225147262018, "recall": 0.6813060638679583, "roc_auc": 0.6869670226437435, "time": 58.42025399208069}, "MultinomialNB_tokenized": {"f1": 0.6504196730967456, "accuracy": 0.6582287592677016, "precision": 0.6677753420515534, "recall": 0.6339433082167205, "roc_auc": 0.658303575454241, "time": 28.7777042388916}, "MLPClassifier_tokenized": {"f1": 0.6905512471682509, "accuracy": 0.690272812342539, "precision": 0.692052661925812, "recall": 0.6890563329745246, "roc_auc": 0.6902765599504022, "time": 525.8764138221741}, "LogisticRegression": {"f1": 0.7111483454012328, "accuracy": 0.710451807951628, "precision": 0.7116167664670658, "recall": 0.7106805406051908, "roc_auc": 0.7104511032949659, "time": 36.6507933139801}, "LogisticRegression_w_gridsearch": {"f1": 0.711345633809558, "accuracy": 0.7105837752237445, "precision": 0.7116521822404175, "recall": 0.7110393493601244, "roc_auc": 0.7105823717365497, "time": 35.41676163673401}, "MultinomialNB": {"f1": 0.6504785276073619, "accuracy": 0.6582527533171774, "precision": 0.6677667212495276, "recall": 0.6340629111350317, "roc_auc": 0.6583272749614844, "time": 14.114106893539429}, "MLPClassifier": {"f1": 0.7181679177092022, "accuracy": 0.7081123881277444, "precision": 0.6962468836331783, "recall": 0.7415141729458199, "roc_auc": 0.7080094872527121, "time": 3380.7563626766205}, "KMeans_w2v": {"f1": 0.6316838560620932, "accuracy": 0.5318066646191646, "precision": 0.5206222775357809, "recall": 0.8029791154791155, "roc_auc": 0.5318066646191647, "time": 7.812631845474243}, "RandomForestClassifier": {"f1": 0.6879679670412332, "accuracy": 0.6765242219929457, "precision": 0.666367753217056, "recall": 0.7110154287764622, "roc_auc": 0.6764179649357773, "time": 24.200232982635498}, "RandomForestClassifier_tokenized": {"f1": 0.6504785276073619, "accuracy": 0.6582527533171774, "precision": 0.6677667212495276, "recall": 0.6340629111350317, "roc_auc": 0.6583272749614844, "time": 15.262336254119873}, "SVC": {"f1": 0.7084876137693796, "accuracy": 0.7072006142476666, "precision": 0.7075410931125796, "recall": 0.7094366702547542, "roc_auc": 0.7071937256301569, "time": 46212.43366646767}, "SVC_tokenized": {"f1": 0.6699500586867967, "accuracy": 0.6559013364685558, "precision": 0.6454974832028738, "recall": 0.696328190407846, "roc_auc": 0.6557767934638089, "time": 22848.160657405853}, "KMeans_TruncatedSVD_50": {"f1": 0.541104370281591, "accuracy": 0.4430377848560648, "precision": 0.45984644204195124, "recall": 0.6572437101915608, "roc_auc": 0.4432021290191178, "time": 16.205416440963745}, "KMeans_TruncatedSVD_100": {"f1": 0.4362270603682555, "accuracy": 0.5569952071598673, "precision": 0.5989120979321476, "recall": 0.34304444137616386, "roc_auc": 0.5568310587616278, "time": 32.41693353652954}, "KMeans_TruncatedSVD_200": {"f1": 0.43596029018709426, "accuracy": 0.5569412202247056, "precision": 0.5989131461063144, "recall": 0.3427142677048127, "roc_auc": 0.5567768599290689, "time": 60.87058973312378}, "KMeans_TruncatedSVD_400": {"f1": 0.5410968720810125, "accuracy": 0.443010791388484, "precision": 0.4598297346901919, "recall": 0.6572557165068826, "roc_auc": 0.4431751654731494, "time": 114.48870325088501}, "KMeans_TruncatedSVD_800": {"f1": 0.5410139934456697, "accuracy": 0.4429927957434301, "precision": 0.4598070064149152, "recall": 0.6570576123040719, "roc_auc": 0.44315703164428877, "time": 238.3486671447754}, "KMeans_PCA_Sampled_50": {"f1": 0.4334227673438099, "accuracy": 0.5566419723463604, "precision": 0.6011056772273017, "recall": 0.3388875569407816, "roc_auc": 0.5568184557832323, "time": 593.7259578704834}, "KMeans_PCA_Sampled_100": {"f1": 0.5429795194958645, "accuracy": 0.4431480759425332, "precision": 0.4606934001670844, "recall": 0.6610525053943899, "roc_auc": 0.4429714709237663, "time": 219.75120878219604}, "KMeans_PCA_Sampled_200": {"f1": 0.43356964935811454, "accuracy": 0.556671965447947, "precision": 0.6011050897885453, "recall": 0.3390673699352673, "roc_auc": 0.5568483274602795, "time": 202.56367659568787}, "KMeans_PCA_Sampled_400": {"f1": 0.4334726108789819, "accuracy": 0.5567319516511202, "precision": 0.6012974582580027, "recall": 0.3388875569407816, "roc_auc": 0.5569085080135259, "time": 401.57907605171204}, "KMeans_PCA_Sampled_800": {"f1": 0.4333588957055215, "accuracy": 0.5567619447527069, "precision": 0.6014261387824607, "recall": 0.3387077439462958, "roc_auc": 0.5569386711566744, "time": 466.5538868904114}, "LogisticRegression_TruncatedSVD_50": {"f1": 0.5242810634834508, "accuracy": 0.5792643424430741, "precision": 0.6055146482845057, "recall": 0.46226527927281424, "roc_auc": 0.5796247814448743, "time": 19.838740587234497}, "LogisticRegression_TruncatedSVD_100": {"f1": 0.5254152935637905, "accuracy": 0.5767089761739088, "precision": 0.6002151198524892, "recall": 0.46719291950723596, "roc_auc": 0.5770463622783478, "time": 43.5987434387207}, "LogisticRegression_TruncatedSVD_200": {"f1": 0.5279098807088393, "accuracy": 0.5736497348657533, "precision": 0.5936127625250202, "recall": 0.4753019973687358, "roc_auc": 0.5739527147304821, "time": 79.82106256484985}, "LogisticRegression_TruncatedSVD_400": {"f1": 0.5247429093267334, "accuracy": 0.5691988386880054, "precision": 0.58734297226831, "recall": 0.4742016505202727, "roc_auc": 0.5694914965157621, "time": 171.28497219085693}, "LogisticRegression_TruncatedSVD_800": {"f1": 0.5300336753073851, "accuracy": 0.5680351272884324, "precision": 0.5832974230802379, "recall": 0.48568353067814857, "roc_auc": 0.568288827843587, "time": 1740.116483926773}, "ExtraTrees_w2v": {"f1": 0.7068613522128966, "accuracy": 0.7054370516112004, "precision": 0.7056061400581589, "recall": 0.7081210381533309, "roc_auc": 0.7054287830541379, "time": 19722.825546503067}, "LogisticRegression_w2v": {"f1": 0.7199025048215152, "accuracy": 0.7159944333805216, "precision": 0.7122588499719048, "recall": 0.7277119961727067, "roc_auc": 0.7159583350860405, "time": 333.79913568496704}}